,search_volume,trend_score,click_through_rate,bounce_rate,avg_session_time
count,136.0,136.0,136.0,136.0,136.0
mean,12076.470588235294,81.79411764705883,0.5378676470588235,0.291985294117647,256.3970588235294
std,4179.26513643368,6.5863131338532455,0.07099721526344113,0.05236368338544025,33.877181091301125
min,5400.0,69.0,0.4,0.18,160.0
25%,8900.0,77.75,0.48,0.25,237.5
50%,11500.0,82.0,0.54,0.3,260.0
75%,14500.0,87.0,0.6,0.33,280.0
max,25000.0,95.0,0.67,0.39,320.0
