device,search_volume,trend_score,click_through_rate,bounce_rate,avg_session_time
Desktop,10769.87951807229,79.91566265060241,0.5181927710843374,0.30759036144578317,270.3614457831325
Mobile,14122.641509433963,84.73584905660377,0.5686792452830188,0.26754716981132076,234.52830188679246
