region,search_volume,trend_score,click_through_rate,bounce_rate,avg_session_time
Ind,16650.0,87.0,0.6,0.25,210.0
India,12545.631067961165,82.84466019417475,0.5500970873786408,0.28320388349514564,255.8252427184466
Uk,9125.0,75.125,0.46375,0.345,251.25
Usa,10604.347826086956,78.95652173913044,0.5034782608695653,0.3165217391304348,264.7826086956522
